{
  "last_alerts": {
    "settlements_stalled": 1784571537.8224394,
    "guard_unhealthy": 1784538173.8808866
  },
  "settle_stall_counter": 202,
  "last_settlements": 2
}