{
  "last_alerts": {
    "settlements_stalled": 1784857308.2241802,
    "guard_unhealthy": 1784855478.779789
  },
  "settle_stall_counter": 242,
  "last_settlements": 0
}