{
  "last_alerts": {
    "settlements_stalled": 1784578971.797554,
    "guard_unhealthy": 1784538173.8808866
  },
  "settle_stall_counter": 230,
  "last_settlements": 2
}