{
  "last_alerts": {
    "settlements_stalled": 1784859173.3813024,
    "guard_unhealthy": 1784855478.779789
  },
  "settle_stall_counter": 251,
  "last_settlements": 0
}