{
  "last_alerts": {
    "settlements_stalled": 1784588244.9508317,
    "guard_unhealthy": 1784538173.8808866
  },
  "settle_stall_counter": 258,
  "last_settlements": 2
}