{
  "last_alerts": {
    "settlements_stalled": 1784577115.4744773,
    "guard_unhealthy": 1784538173.8808866
  },
  "settle_stall_counter": 223,
  "last_settlements": 2
}